{"changes":[{"fileName":"id_1698900818535_2_propertyChange","fileType":"change","changeType":"propertyChange","moduleName":"","reference":"masterfrontend","packageName":"","content":{"property":"liveMode","newValue":false},"selector":{"id":"masterfrontend::sap.suite.ui.generic.template.ListReport.view.ListReport::MASTER_001--listReportFilter","idIsLocal":false,"type":"sap.ui.comp.smartfilterbar.SmartFilterBar"},"layer":"CUSTOMER_BASE","texts":{},"namespace":"apps/masterfrontend/changes/","projectId":"","creation":1698900843435,"originalLanguage":"","support":{"generator":"changeUtils: SAPFioriTools","service":"","user":"","sapui5Version":"1.119.2","sourceChangeFileName":"","compositeCommand":""},"oDataInformation":{},"dependentSelector":{},"validAppVersions":{"from":"0.0.1","to":"0.0.1","creation":"0.0.1"},"jsOnly":false,"variantReference":"","appDescriptorChange":false}],"compVariants":[],"variants":[],"variantChanges":[],"variantDependentControlChanges":[],"variantManagementChanges":[]}